Assignment Name,Due Date,Number of Questions,Number of Points,Assignment Type,Hints Permitted,Attempts,LMS Link
Self-Assessment VM.1 Evaluating Information  Academic Integrity  and AI Use,8/23/2026 11:59 PM,15,5,Assigned for Completion,N,Unlimited,https://vantage.sagepub.com/ltiapi/29144555
Video Activity VM.1 Evaluating Information With SIFT,8/23/2026 11:59 PM,4,4,Assigned for Completion,N,Unlimited,https://vantage.sagepub.com/ltiapi/29144556
Knowledge Check VM.1,8/23/2026 11:59 PM,6,6,Assigned for Grade,N,Unlimited,https://vantage.sagepub.com/ltiapi/29144564
Data Activity VM.1 Analyzing Key Cheating Behaviors,8/23/2026 11:59 PM,4,4,Assigned for Completion,N,Unlimited,https://vantage.sagepub.com/ltiapi/29144557
Knowledge Check VM.2,8/23/2026 11:59 PM,5,5,Assigned for Grade,N,Unlimited,https://vantage.sagepub.com/ltiapi/29144566
Self-Assessment VM.2 AI Best Practices and Literacy Confidence Scale,8/23/2026 11:59 PM,12,5,Assigned for Completion,N,Unlimited,https://vantage.sagepub.com/ltiapi/29144558
Knowledge Check VM.3,8/23/2026 11:59 PM,5,5,Assigned for Grade,N,Unlimited,https://vantage.sagepub.com/ltiapi/29144568
Reading Activity VM.1 Sample AI Policy&#8212;Responsible Use in College Assignments,8/23/2026 11:59 PM,4,4,Assigned for Completion,N,Unlimited,https://vantage.sagepub.com/ltiapi/29144559
Knowledge Check VM.4,8/23/2026 11:59 PM,4,4,Assigned for Grade,N,Unlimited,https://vantage.sagepub.com/ltiapi/29144570
Chapter VM Critical Thinking Check,8/23/2026 11:59 PM,4,4,Assigned for Completion,N,Unlimited,https://vantage.sagepub.com/ltiapi/29144572
Self-Assessment 1.1 Test Your Knowledge,8/23/2026 11:59 PM,4,5,Assigned for Completion,N,Unlimited,https://vantage.sagepub.com/ltiapi/29144976
Knowledge Check 1.1,8/23/2026 11:59 PM,2,2,Assigned for Grade,N,Unlimited,https://vantage.sagepub.com/ltiapi/29144888
Knowledge Check 1.2,8/23/2026 11:59 PM,2,2,Assigned for Grade,N,Unlimited,https://vantage.sagepub.com/ltiapi/29144889
Knowledge Check 1.3,8/23/2026 11:59 PM,2,2,Assigned for Grade,N,Unlimited,https://vantage.sagepub.com/ltiapi/29144890
Knowledge Check 1.4,8/23/2026 11:59 PM,2,2,Assigned for Grade,N,Unlimited,https://vantage.sagepub.com/ltiapi/29144891
Reading Activity 1.1 You Decide: Koon v. United States,8/23/2026 11:59 PM,4,4,Assigned for Completion,N,Unlimited,https://vantage.sagepub.com/ltiapi/29144984
Knowledge Check 1.5,8/23/2026 11:59 PM,2,2,Assigned for Grade,N,Unlimited,https://vantage.sagepub.com/ltiapi/29144892
Knowledge Check 1.6,8/23/2026 11:59 PM,10,10,Assigned for Grade,N,Unlimited,https://vantage.sagepub.com/ltiapi/29144573
Chapter 1 Critical Thinking Check,8/23/2026 11:59 PM,6,6,Assigned for Completion,N,Unlimited,https://vantage.sagepub.com/ltiapi/29144576
Chapter 1 Quiz,8/23/2026 11:59 PM,15,15,Assigned for Grade,N,1,https://vantage.sagepub.com/ltiapi/29144577
Self-Assessment 2.1 Test Your Knowledge,8/30/2026 11:59 PM,6,5,Assigned for Completion,N,Unlimited,https://vantage.sagepub.com/ltiapi/29144581
Knowledge Check 2.1,8/30/2026 11:59 PM,2,2,Assigned for Grade,N,Unlimited,https://vantage.sagepub.com/ltiapi/29144583
Knowledge Check 2.2,8/30/2026 11:59 PM,2,2,Assigned for Grade,N,Unlimited,https://vantage.sagepub.com/ltiapi/29144585
Reading Activity 2.1 You Decide: State v. Bryan,8/30/2026 11:59 PM,4,4,Assigned for Completion,N,Unlimited,https://vantage.sagepub.com/ltiapi/29144587
Knowledge Check 2.3,8/30/2026 11:59 PM,3,3,Assigned for Grade,N,Unlimited,https://vantage.sagepub.com/ltiapi/29144588
Reading Activity 2.2 You Decide: Doe v. State,8/30/2026 11:59 PM,4,4,Assigned for Completion,N,Unlimited,https://vantage.sagepub.com/ltiapi/29144590
Knowledge Check 2.4,8/30/2026 11:59 PM,3,3,Assigned for Grade,N,Unlimited,https://vantage.sagepub.com/ltiapi/29144591
Reading Activity 2.3 You Decide: In re Ryan D,8/30/2026 11:59 PM,4,4,Assigned for Completion,N,Unlimited,https://vantage.sagepub.com/ltiapi/29144593
Knowledge Check 2.5,8/30/2026 11:59 PM,4,4,Assigned for Grade,N,Unlimited,https://vantage.sagepub.com/ltiapi/29144594
Knowledge Check 2.6,8/30/2026 11:59 PM,3,3,Assigned for Grade,N,Unlimited,https://vantage.sagepub.com/ltiapi/29144597
Reading Activity 2.4 You Decide: DiGiacinto v. Rector and Visitors of George Mason University,8/30/2026 11:59 PM,4,4,Assigned for Completion,N,Unlimited,https://vantage.sagepub.com/ltiapi/29144599
Knowledge Check 2.7,8/30/2026 11:59 PM,3,3,Assigned for Grade,N,Unlimited,https://vantage.sagepub.com/ltiapi/29144600
Chapter 2 Critical Thinking Check,8/30/2026 11:59 PM,7,7,Assigned for Completion,N,Unlimited,https://vantage.sagepub.com/ltiapi/29144670
Chapter 2 Quiz,8/30/2026 11:59 PM,15,15,Assigned for Grade,N,1,https://vantage.sagepub.com/ltiapi/29144602
Self-Assessment 3.1 Test Your Knowledge,9/6/2026 11:59 PM,7,5,Assigned for Completion,N,Unlimited,https://vantage.sagepub.com/ltiapi/29144666
Knowledge Check 3.1,9/6/2026 11:59 PM,2,2,Assigned for Grade,N,Unlimited,https://vantage.sagepub.com/ltiapi/29144606
Knowledge Check 3.2,9/6/2026 11:59 PM,2,2,Assigned for Grade,N,Unlimited,https://vantage.sagepub.com/ltiapi/29144607
Reading Activity 3.1 You Decide: United States v. Gementera,9/6/2026 11:59 PM,4,4,Assigned for Completion,N,Unlimited,https://vantage.sagepub.com/ltiapi/29144674
Knowledge Check 3.3,9/6/2026 11:59 PM,3,3,Assigned for Grade,N,Unlimited,https://vantage.sagepub.com/ltiapi/29144608
Reading Activity 3.2 You Decide: Bordenkircher v. Hayes,9/6/2026 11:59 PM,4,4,Assigned for Completion,N,Unlimited,https://vantage.sagepub.com/ltiapi/29144675
Knowledge Check 3.4,9/6/2026 11:59 PM,2,2,Assigned for Grade,N,Unlimited,https://vantage.sagepub.com/ltiapi/29144609
Knowledge Check 3.5,9/6/2026 11:59 PM,2,2,Assigned for Grade,N,Unlimited,https://vantage.sagepub.com/ltiapi/29144610
Reading Activity 3.3 You Decide: State v. Hines,9/6/2026 11:59 PM,4,4,Assigned for Completion,N,Unlimited,https://vantage.sagepub.com/ltiapi/29144676
Knowledge Check 3.6,9/6/2026 11:59 PM,2,2,Assigned for Grade,N,Unlimited,https://vantage.sagepub.com/ltiapi/29144611
Knowledge Check 3.7,9/6/2026 11:59 PM,7,7,Assigned for Grade,N,Unlimited,https://vantage.sagepub.com/ltiapi/29144612
Reading Activity 3.4 You Decide: People v. Superior Court,9/6/2026 11:59 PM,4,4,Assigned for Completion,N,Unlimited,https://vantage.sagepub.com/ltiapi/29144677
Knowledge Check 3.8,9/6/2026 11:59 PM,1,1,Assigned for Grade,N,Unlimited,https://vantage.sagepub.com/ltiapi/29144613
Chapter 3 Critical Thinking Check,9/6/2026 11:59 PM,8,8,Assigned for Completion,N,Unlimited,https://vantage.sagepub.com/ltiapi/29144671
Chapter 3 Quiz,9/6/2026 11:59 PM,15,15,Assigned for Grade,N,1,https://vantage.sagepub.com/ltiapi/29144603
Self-Assessment 4.1 Test Your Knowledge,9/13/2026 11:59 PM,4,5,Assigned for Completion,N,Unlimited,https://vantage.sagepub.com/ltiapi/29144667
Reading Activity 4.1 You Decide: People v. Martino,9/13/2026 11:59 PM,4,4,Assigned for Completion,N,Unlimited,https://vantage.sagepub.com/ltiapi/29144678
Knowledge Check 4.1,9/13/2026 11:59 PM,2,2,Assigned for Grade,N,Unlimited,https://vantage.sagepub.com/ltiapi/29144614
Reading Activity 4.2 You Decide: Brown v. State,9/13/2026 11:59 PM,4,4,Assigned for Completion,N,Unlimited,https://vantage.sagepub.com/ltiapi/29144679
Knowledge Check 4.2,9/13/2026 11:59 PM,2,2,Assigned for Grade,N,Unlimited,https://vantage.sagepub.com/ltiapi/29144615
Reading Activity 4.3 You Decide: United States v. Black,9/13/2026 11:59 PM,4,4,Assigned for Completion,N,Unlimited,https://vantage.sagepub.com/ltiapi/29144680
Knowledge Check 4.3,9/13/2026 11:59 PM,3,3,Assigned for Grade,N,Unlimited,https://vantage.sagepub.com/ltiapi/29144616
Reading Activity 4.4 You Decide: David Cash,9/13/2026 11:59 PM,4,4,Assigned for Completion,N,Unlimited,https://vantage.sagepub.com/ltiapi/29144681
Knowledge Check 4.4,9/13/2026 11:59 PM,8,8,Assigned for Grade,N,Unlimited,https://vantage.sagepub.com/ltiapi/29144617
Reading Activity 4.5 You Decide: State v. Bash,9/13/2026 11:59 PM,4,4,Assigned for Completion,N,Unlimited,https://vantage.sagepub.com/ltiapi/29144682
Knowledge Check 4.5,9/13/2026 11:59 PM,5,5,Assigned for Grade,N,Unlimited,https://vantage.sagepub.com/ltiapi/29144618
Chapter 4 Critical Thinking Check,9/13/2026 11:59 PM,5,5,Assigned for Completion,N,Unlimited,https://vantage.sagepub.com/ltiapi/29144672
Chapter 4 Quiz,9/13/2026 11:59 PM,15,15,Assigned for Grade,N,1,https://vantage.sagepub.com/ltiapi/29144604
Self-Assessment 5.1 Test Your Knowledge,9/20/2026 11:59 PM,7,5,Assigned for Completion,N,Unlimited,https://vantage.sagepub.com/ltiapi/29144668
Knowledge Check 5.1,9/20/2026 11:59 PM,3,3,Assigned for Grade,N,Unlimited,https://vantage.sagepub.com/ltiapi/29144619
Reading Activity 5.1 You Decide: State v. Hennings,9/20/2026 11:59 PM,4,4,Assigned for Completion,N,Unlimited,https://vantage.sagepub.com/ltiapi/29144683
Knowledge Check 5.2,9/20/2026 11:59 PM,2,2,Assigned for Grade,N,Unlimited,https://vantage.sagepub.com/ltiapi/29144620
Reading Activity 5.2 You Decide: United States v. Heredia,9/20/2026 11:59 PM,4,4,Assigned for Completion,N,Unlimited,https://vantage.sagepub.com/ltiapi/29144684
Knowledge Check 5.3,9/20/2026 11:59 PM,2,2,Assigned for Grade,N,Unlimited,https://vantage.sagepub.com/ltiapi/29144621
Reading Activity 5.3 You Decide: State v. Belleville,9/20/2026 11:59 PM,4,4,Assigned for Completion,N,Unlimited,https://vantage.sagepub.com/ltiapi/29144685
Knowledge Check 5.4,9/20/2026 11:59 PM,2,2,Assigned for Grade,N,Unlimited,https://vantage.sagepub.com/ltiapi/29144622
Reading Activity 5.4 You Decide: People v. Strong,9/20/2026 11:59 PM,4,4,Assigned for Completion,N,Unlimited,https://vantage.sagepub.com/ltiapi/29144686
Knowledge Check 5.5,9/20/2026 11:59 PM,2,2,Assigned for Grade,N,Unlimited,https://vantage.sagepub.com/ltiapi/29144623
Reading Activity 5.5 You Decide: Polk v. State,9/20/2026 11:59 PM,4,4,Assigned for Completion,N,Unlimited,https://vantage.sagepub.com/ltiapi/29144687
Knowledge Check 5.6,9/20/2026 11:59 PM,2,2,Assigned for Grade,N,Unlimited,https://vantage.sagepub.com/ltiapi/29144624
Reading Activity 5.6 You Decide: Jackson v. Commonwealth,9/20/2026 11:59 PM,4,4,Assigned for Completion,N,Unlimited,https://vantage.sagepub.com/ltiapi/29144688
Knowledge Check 5.7,9/20/2026 11:59 PM,2,2,Assigned for Grade,N,Unlimited,https://vantage.sagepub.com/ltiapi/29144625
Reading Activity 5.7 You Decide: People v. Kern,9/20/2026 11:59 PM,4,4,Assigned for Completion,N,Unlimited,https://vantage.sagepub.com/ltiapi/29144689
Knowledge Check 5.8,9/20/2026 11:59 PM,5,5,Assigned for Grade,N,Unlimited,https://vantage.sagepub.com/ltiapi/29144626
Chapter 5 Critical Thinking Check,9/20/2026 11:59 PM,8,8,Assigned for Completion,N,Unlimited,https://vantage.sagepub.com/ltiapi/29144673
Chapter 5 Quiz,9/20/2026 11:59 PM,15,15,Assigned for Grade,N,1,https://vantage.sagepub.com/ltiapi/29144605
Self-Assessment 6.1 Test Your Knowledge,9/27/2026 11:59 PM,4,5,Assigned for Completion,N,Unlimited,https://vantage.sagepub.com/ltiapi/29144669
Knowledge Check 6.1,9/27/2026 11:59 PM,2,2,Assigned for Grade,N,Unlimited,https://vantage.sagepub.com/ltiapi/29144627
Reading Activity 6.1 You Decide: Commonwealth v. Cordeiro,9/27/2026 11:59 PM,4,4,Assigned for Completion,N,Unlimited,https://vantage.sagepub.com/ltiapi/29144690
Knowledge Check 6.2,9/27/2026 11:59 PM,3,3,Assigned for Grade,N,Unlimited,https://vantage.sagepub.com/ltiapi/29144628
Reading Activity 6.2 You Decide: Columbine High School,9/27/2026 11:59 PM,4,4,Assigned for Completion,N,Unlimited,https://vantage.sagepub.com/ltiapi/29144691
Knowledge Check 6.3,9/27/2026 11:59 PM,2,2,Assigned for Grade,N,Unlimited,https://vantage.sagepub.com/ltiapi/29144629
Reading Activity 6.3 You Decide: State v. Bellamy,9/27/2026 11:59 PM,4,4,Assigned for Completion,N,Unlimited,https://vantage.sagepub.com/ltiapi/29144834
Knowledge Check 6.4,9/27/2026 11:59 PM,2,2,Assigned for Grade,N,Unlimited,https://vantage.sagepub.com/ltiapi/29144703
Reading Activity 6.4 You Decide: People v. Williams,9/27/2026 11:59 PM,4,4,Assigned for Completion,N,Unlimited,https://vantage.sagepub.com/ltiapi/29144835
Knowledge Check 6.5,9/27/2026 11:59 PM,3,3,Assigned for Grade,N,Unlimited,https://vantage.sagepub.com/ltiapi/29144704
Reading Activity 6.5 You Decide: State v. Tomaino,9/27/2026 11:59 PM,4,4,Assigned for Completion,N,Unlimited,https://vantage.sagepub.com/ltiapi/29144836
Knowledge Check 6.6,9/27/2026 11:59 PM,5,5,Assigned for Grade,N,Unlimited,https://vantage.sagepub.com/ltiapi/29144705
Reading Activity 6.6 You Decide: Doe v. Trenton,9/27/2026 11:59 PM,4,4,Assigned for Completion,N,Unlimited,https://vantage.sagepub.com/ltiapi/29144837
Knowledge Check 6.7,9/27/2026 11:59 PM,3,3,Assigned for Grade,N,Unlimited,https://vantage.sagepub.com/ltiapi/29144706
Chapter 6 Critical Thinking Check,9/27/2026 11:59 PM,7,7,Assigned for Completion,N,Unlimited,https://vantage.sagepub.com/ltiapi/29144827
Chapter 6 Quiz,9/27/2026 11:59 PM,15,15,Assigned for Grade,N,1,https://vantage.sagepub.com/ltiapi/29144696
Self-Assessment 7.1 Test Your Knowledge,10/4/2026 11:59 PM,6,5,Assigned for Completion,N,Unlimited,https://vantage.sagepub.com/ltiapi/29144820
Reading Activity 7.1 You Decide: Calvert v. Indiana,10/4/2026 11:59 PM,4,4,Assigned for Completion,N,Unlimited,https://vantage.sagepub.com/ltiapi/29144838
Knowledge Check 7.1,10/4/2026 11:59 PM,3,3,Assigned for Grade,N,Unlimited,https://vantage.sagepub.com/ltiapi/29144707
Reading Activity 7.2 You Decide: People v. Johnson,10/4/2026 11:59 PM,4,4,Assigned for Completion,N,Unlimited,https://vantage.sagepub.com/ltiapi/29144839
Knowledge Check 7.2,10/4/2026 11:59 PM,2,2,Assigned for Grade,N,Unlimited,https://vantage.sagepub.com/ltiapi/29144708
Reading Activity 7.3 You Decide: Collier v. State,10/4/2026 11:59 PM,4,4,Assigned for Completion,N,Unlimited,https://vantage.sagepub.com/ltiapi/29144840
Knowledge Check 7.3,10/4/2026 11:59 PM,4,4,Assigned for Grade,N,Unlimited,https://vantage.sagepub.com/ltiapi/29144709
Reading Activity 7.4 You Decide: United States v. Duran,10/4/2026 11:59 PM,4,4,Assigned for Completion,N,Unlimited,https://vantage.sagepub.com/ltiapi/29144841
Knowledge Check 7.4,10/4/2026 11:59 PM,3,3,Assigned for Grade,N,Unlimited,https://vantage.sagepub.com/ltiapi/29144710
Reading Activity 7.5 You Decide: Commonwealth v. McCloskey,10/4/2026 11:59 PM,4,4,Assigned for Completion,N,Unlimited,https://vantage.sagepub.com/ltiapi/29144842
Knowledge Check 7.5,10/4/2026 11:59 PM,2,2,Assigned for Grade,N,Unlimited,https://vantage.sagepub.com/ltiapi/29144711
Reading Activity 7.6 You Decide: People v. Angel G,10/4/2026 11:59 PM,4,4,Assigned for Completion,N,Unlimited,https://vantage.sagepub.com/ltiapi/29144843
Knowledge Check 7.6,10/4/2026 11:59 PM,3,3,Assigned for Grade,N,Unlimited,https://vantage.sagepub.com/ltiapi/29144712
Reading Activity 7.7 You Decide: People v. Saephanh,10/4/2026 11:59 PM,4,4,Assigned for Completion,N,Unlimited,https://vantage.sagepub.com/ltiapi/29144844
Knowledge Check 7.7,10/4/2026 11:59 PM,3,3,Assigned for Grade,N,Unlimited,https://vantage.sagepub.com/ltiapi/29144713
Chapter 7 Critical Thinking Check,10/4/2026 11:59 PM,7,7,Assigned for Completion,N,Unlimited,https://vantage.sagepub.com/ltiapi/29144828
Chapter 7 Quiz,10/4/2026 11:59 PM,15,15,Assigned for Grade,N,1,https://vantage.sagepub.com/ltiapi/29144697
Self-Assessment 8.1 Test Your Knowledge,10/11/2026 11:59 PM,10,5,Assigned for Completion,N,Unlimited,https://vantage.sagepub.com/ltiapi/29144821
Knowledge Check 8.1,10/11/2026 11:59 PM,2,2,Assigned for Grade,N,Unlimited,https://vantage.sagepub.com/ltiapi/29144714
Reading Activity 8.1 You Decide: Commonwealth v. Shaffer,10/11/2026 11:59 PM,4,4,Assigned for Completion,N,Unlimited,https://vantage.sagepub.com/ltiapi/29144845
Knowledge Check 8.2,10/11/2026 11:59 PM,2,2,Assigned for Grade,N,Unlimited,https://vantage.sagepub.com/ltiapi/29144715
Knowledge Check 8.3,10/11/2026 11:59 PM,2,2,Assigned for Grade,N,Unlimited,https://vantage.sagepub.com/ltiapi/29144716
Reading Activity 8.2 You Decide: State v. Janes,10/11/2026 11:59 PM,4,4,Assigned for Completion,N,Unlimited,https://vantage.sagepub.com/ltiapi/29144846
Knowledge Check 8.4,10/11/2026 11:59 PM,3,3,Assigned for Grade,N,Unlimited,https://vantage.sagepub.com/ltiapi/29144717
Reading Activity 8.3 You Decide: Marco Flores,10/11/2026 11:59 PM,4,4,Assigned for Completion,N,Unlimited,https://vantage.sagepub.com/ltiapi/29144847
Knowledge Check 8.5,10/11/2026 11:59 PM,2,2,Assigned for Grade,N,Unlimited,https://vantage.sagepub.com/ltiapi/29144718
Reading Activity 8.4 You Decide: Law v. State,10/11/2026 11:59 PM,4,4,Assigned for Completion,N,Unlimited,https://vantage.sagepub.com/ltiapi/29144848
Knowledge Check 8.6,10/11/2026 11:59 PM,2,2,Assigned for Grade,N,Unlimited,https://vantage.sagepub.com/ltiapi/29144719
Knowledge Check 8.7,10/11/2026 11:59 PM,2,2,Assigned for Grade,N,Unlimited,https://vantage.sagepub.com/ltiapi/29144720
Knowledge Check 8.8,10/11/2026 11:59 PM,2,2,Assigned for Grade,N,Unlimited,https://vantage.sagepub.com/ltiapi/29144721
Reading Activity 8.5 You Decide: United States v. Rice,10/11/2026 11:59 PM,4,4,Assigned for Completion,N,Unlimited,https://vantage.sagepub.com/ltiapi/29144849
Knowledge Check 8.9,10/11/2026 11:59 PM,3,3,Assigned for Grade,N,Unlimited,https://vantage.sagepub.com/ltiapi/29144722
Reading Activity 8.6 You Decide: Miller v. State,10/11/2026 11:59 PM,4,4,Assigned for Completion,N,Unlimited,https://vantage.sagepub.com/ltiapi/29144850
Knowledge Check 8.10,10/11/2026 11:59 PM,2,2,Assigned for Grade,N,Unlimited,https://vantage.sagepub.com/ltiapi/29144723
Chapter 8 Critical Thinking Check,10/11/2026 11:59 PM,10,10,Assigned for Completion,N,Unlimited,https://vantage.sagepub.com/ltiapi/29144829
Chapter 8 Quiz,10/11/2026 11:59 PM,15,15,Assigned for Grade,N,1,https://vantage.sagepub.com/ltiapi/29144698
Self-Assessment 9.1 Test Your Knowledge,10/18/2026 11:59 PM,7,5,Assigned for Completion,N,Unlimited,https://vantage.sagepub.com/ltiapi/29144822
Reading Activity 9.1 You Decide: Yates v. State,10/18/2026 11:59 PM,4,4,Assigned for Completion,N,Unlimited,https://vantage.sagepub.com/ltiapi/29144851
Knowledge Check 9.1,10/18/2026 11:59 PM,4,4,Assigned for Grade,N,Unlimited,https://vantage.sagepub.com/ltiapi/29144724
Knowledge Check 9.2,10/18/2026 11:59 PM,2,2,Assigned for Grade,N,Unlimited,https://vantage.sagepub.com/ltiapi/29144725
Reading Activity 9.2 You Decide: People v. Low,10/18/2026 11:59 PM,4,4,Assigned for Completion,N,Unlimited,https://vantage.sagepub.com/ltiapi/29144852
Knowledge Check 9.3,10/18/2026 11:59 PM,2,2,Assigned for Grade,N,Unlimited,https://vantage.sagepub.com/ltiapi/29144726
Reading Activity 9.3 You Decide: State v. K.R.L.,10/18/2026 11:59 PM,4,4,Assigned for Completion,N,Unlimited,https://vantage.sagepub.com/ltiapi/29144853
Knowledge Check 9.4,10/18/2026 11:59 PM,2,2,Assigned for Grade,N,Unlimited,https://vantage.sagepub.com/ltiapi/29144727
Reading Activity 9.4 You Decide: State v. Carradine,10/18/2026 11:59 PM,4,4,Assigned for Completion,N,Unlimited,https://vantage.sagepub.com/ltiapi/29144854
Knowledge Check 9.5,10/18/2026 11:59 PM,2,2,Assigned for Grade,N,Unlimited,https://vantage.sagepub.com/ltiapi/29144728
Reading Activity 9.5 You Decide: Staley v. State,10/18/2026 11:59 PM,4,4,Assigned for Completion,N,Unlimited,https://vantage.sagepub.com/ltiapi/29144855
Knowledge Check 9.6,10/18/2026 11:59 PM,2,2,Assigned for Grade,N,Unlimited,https://vantage.sagepub.com/ltiapi/29144729
Knowledge Check 9.7,10/18/2026 11:59 PM,2,2,Assigned for Grade,N,Unlimited,https://vantage.sagepub.com/ltiapi/29144730
Knowledge Check 9.8,10/18/2026 11:59 PM,2,2,Assigned for Grade,N,Unlimited,https://vantage.sagepub.com/ltiapi/29144731
Reading Activity 9.6 You Decide: People v. Chen,10/18/2026 11:59 PM,4,4,Assigned for Completion,N,Unlimited,https://vantage.sagepub.com/ltiapi/29144856
Knowledge Check 9.9,10/18/2026 11:59 PM,2,2,Assigned for Grade,N,Unlimited,https://vantage.sagepub.com/ltiapi/29144732
Chapter 9 Critical Thinking Check,10/18/2026 11:59 PM,9,9,Assigned for Completion,N,Unlimited,https://vantage.sagepub.com/ltiapi/29144830
Chapter 9 Quiz,10/18/2026 11:59 PM,15,15,Assigned for Grade,N,1,https://vantage.sagepub.com/ltiapi/29144699
Self-Assessment 10.1 Test Your Knowledge,10/25/2026 11:59 PM,9,5,Assigned for Completion,N,Unlimited,https://vantage.sagepub.com/ltiapi/29144823
Knowledge Check 10.1,10/25/2026 11:59 PM,2,2,Assigned for Grade,N,Unlimited,https://vantage.sagepub.com/ltiapi/29144733
Reading Activity 10.1 You Decide: People v. Kurr,10/25/2026 11:59 PM,4,4,Assigned for Completion,N,Unlimited,https://vantage.sagepub.com/ltiapi/29144857
Knowledge Check 10.2,10/25/2026 11:59 PM,2,2,Assigned for Grade,N,Unlimited,https://vantage.sagepub.com/ltiapi/29144734
Reading Activity 10.2 You Decide: Commonwealth v. Chambers,10/25/2026 11:59 PM,4,4,Assigned for Completion,N,Unlimited,https://vantage.sagepub.com/ltiapi/29144858
Reading Activity 10.3 You Decide: Berry v. Superior Court,10/25/2026 11:59 PM,4,4,Assigned for Completion,N,Unlimited,https://vantage.sagepub.com/ltiapi/29144859
Reading Activity 10.4 You Decide: State v. Kalathakis,10/25/2026 11:59 PM,4,4,Assigned for Completion,N,Unlimited,https://vantage.sagepub.com/ltiapi/29144860
Reading Activity 10.5 You Decide: Commonwealth v. Schnopps,10/25/2026 11:59 PM,4,4,Assigned for Completion,N,Unlimited,https://vantage.sagepub.com/ltiapi/29144861
Reading Activity 10.6 You Decide: State v. Jones,10/25/2026 11:59 PM,4,4,Assigned for Completion,N,Unlimited,https://vantage.sagepub.com/ltiapi/29144862
Reading Activity 10.7 You Decide: Waterman v. State,10/25/2026 11:59 PM,4,4,Assigned for Completion,N,Unlimited,https://vantage.sagepub.com/ltiapi/29144863
Knowledge Check 10.3,10/25/2026 11:59 PM,16,16,Assigned for Grade,N,Unlimited,https://vantage.sagepub.com/ltiapi/29144735
Chapter 10 Critical Thinking Check,10/25/2026 11:59 PM,3,3,Assigned for Completion,N,Unlimited,https://vantage.sagepub.com/ltiapi/29144831
Chapter 10 Quiz,10/25/2026 11:59 PM,15,15,Assigned for Grade,N,1,https://vantage.sagepub.com/ltiapi/29144700
Self-Assessment 11.1 Test Your Knowledge,11/1/2026 11:59 PM,12,5,Assigned for Completion,N,Unlimited,https://vantage.sagepub.com/ltiapi/29144824
Knowledge Check 11.1,11/1/2026 11:59 PM,4,4,Assigned for Grade,N,Unlimited,https://vantage.sagepub.com/ltiapi/29144736
Reading Activity 11.1 You Decide: State v. Brooks,11/1/2026 11:59 PM,4,4,Assigned for Completion,N,Unlimited,https://vantage.sagepub.com/ltiapi/29144864
Knowledge Check 11.2,11/1/2026 11:59 PM,2,2,Assigned for Grade,N,Unlimited,https://vantage.sagepub.com/ltiapi/29144737
Reading Activity 11.2 You Decide: State v. Alston,11/1/2026 11:59 PM,4,4,Assigned for Completion,N,Unlimited,https://vantage.sagepub.com/ltiapi/29144865
Knowledge Check 11.3,11/1/2026 11:59 PM,2,2,Assigned for Grade,N,Unlimited,https://vantage.sagepub.com/ltiapi/29144738
Reading Activity 11.3 You Decide: State v. Stephen F,11/1/2026 11:59 PM,4,4,Assigned for Completion,N,Unlimited,https://vantage.sagepub.com/ltiapi/29144866
Knowledge Check 11.4,11/1/2026 11:59 PM,2,2,Assigned for Grade,N,Unlimited,https://vantage.sagepub.com/ltiapi/29144739
Reading Activity 11.4 You Decide: People v. Chance,11/1/2026 11:59 PM,4,4,Assigned for Completion,N,Unlimited,https://vantage.sagepub.com/ltiapi/29144867
Knowledge Check 11.5,11/1/2026 11:59 PM,4,4,Assigned for Grade,N,Unlimited,https://vantage.sagepub.com/ltiapi/29144740
Reading Activity 11.5 You Decide: State v. Ellis,11/1/2026 11:59 PM,4,4,Assigned for Completion,N,Unlimited,https://vantage.sagepub.com/ltiapi/29144868
Knowledge Check 11.6,11/1/2026 11:59 PM,2,2,Assigned for Grade,N,Unlimited,https://vantage.sagepub.com/ltiapi/29144741
Reading Activity 11.6 You Decide: People v. Shadden,11/1/2026 11:59 PM,4,4,Assigned for Completion,N,Unlimited,https://vantage.sagepub.com/ltiapi/29144869
Knowledge Check 11.7,11/1/2026 11:59 PM,2,2,Assigned for Grade,N,Unlimited,https://vantage.sagepub.com/ltiapi/29144742
Knowledge Check 11.8,11/1/2026 11:59 PM,2,2,Assigned for Grade,N,Unlimited,https://vantage.sagepub.com/ltiapi/29144743
Chapter 11 Critical Thinking Check,11/1/2026 11:59 PM,8,8,Assigned for Completion,N,Unlimited,https://vantage.sagepub.com/ltiapi/29144832
Chapter 11 Quiz,11/1/2026 11:59 PM,15,15,Assigned for Grade,N,1,https://vantage.sagepub.com/ltiapi/29144701
Self-Assessment 12.1 Test Your Knowledge,11/8/2026 11:59 PM,5,5,Assigned for Completion,N,Unlimited,https://vantage.sagepub.com/ltiapi/29144825
Reading Activity 12.1 You Decide: State v. Sandoval,11/8/2026 11:59 PM,4,4,Assigned for Completion,N,Unlimited,https://vantage.sagepub.com/ltiapi/29144870
Reading Activity 12.2 You Decide: People v. Yarbrough,11/8/2026 11:59 PM,4,4,Assigned for Completion,N,Unlimited,https://vantage.sagepub.com/ltiapi/29144871
Knowledge Check 12.1,11/8/2026 11:59 PM,8,8,Assigned for Grade,N,Unlimited,https://vantage.sagepub.com/ltiapi/29144744
Reading Activity 12.3 You Decide: Child v. State,11/8/2026 11:59 PM,4,4,Assigned for Completion,N,Unlimited,https://vantage.sagepub.com/ltiapi/29144872
Knowledge Check 12.2,11/8/2026 11:59 PM,4,4,Assigned for Grade,N,Unlimited,https://vantage.sagepub.com/ltiapi/29144745
Reading Activity 12.4 You Decide: Buckley v. State,11/8/2026 11:59 PM,4,4,Assigned for Completion,N,Unlimited,https://vantage.sagepub.com/ltiapi/29144873
Knowledge Check 12.3,11/8/2026 11:59 PM,4,4,Assigned for Grade,N,Unlimited,https://vantage.sagepub.com/ltiapi/29144746
Reading Activity 12.5 You Decide: People v. Stockwell,11/8/2026 11:59 PM,4,4,Assigned for Completion,N,Unlimited,https://vantage.sagepub.com/ltiapi/29144874
Knowledge Check 12.4,11/8/2026 11:59 PM,4,4,Assigned for Grade,N,Unlimited,https://vantage.sagepub.com/ltiapi/29144747
Chapter 12 Critical Thinking Check,11/8/2026 11:59 PM,4,4,Assigned for Completion,N,Unlimited,https://vantage.sagepub.com/ltiapi/29144833
Chapter 12 Quiz,11/8/2026 11:59 PM,15,15,Assigned for Grade,N,1,https://vantage.sagepub.com/ltiapi/29144702
Self-Assessment 13.1 Test Your Knowledge,11/15/2026 11:59 PM,7,5,Assigned for Completion,N,Unlimited,https://vantage.sagepub.com/ltiapi/29144826
Reading Activity 13.1 You Decide: Carter v. Commonwealth,11/15/2026 11:59 PM,4,4,Assigned for Completion,N,Unlimited,https://vantage.sagepub.com/ltiapi/29144875
Knowledge Check 13.1,11/15/2026 11:59 PM,2,2,Assigned for Grade,N,Unlimited,https://vantage.sagepub.com/ltiapi/29144748
Reading Activity 13.2 You Decide: People v. Redondo,11/15/2026 11:59 PM,4,4,Assigned for Completion,N,Unlimited,https://vantage.sagepub.com/ltiapi/29144876
Knowledge Check 13.2,11/15/2026 11:59 PM,2,2,Assigned for Grade,N,Unlimited,https://vantage.sagepub.com/ltiapi/29144749
Knowledge Check 13.3,11/15/2026 11:59 PM,2,2,Assigned for Grade,N,Unlimited,https://vantage.sagepub.com/ltiapi/29144893
Knowledge Check 13.4,11/15/2026 11:59 PM,2,2,Assigned for Grade,N,Unlimited,https://vantage.sagepub.com/ltiapi/29144894
Reading Activity 13.3 You Decide: State v. Schwartz,11/15/2026 11:59 PM,4,4,Assigned for Completion,N,Unlimited,https://vantage.sagepub.com/ltiapi/29144985
Knowledge Check 13.5,11/15/2026 11:59 PM,2,2,Assigned for Grade,N,Unlimited,https://vantage.sagepub.com/ltiapi/29144895
Reading Activity 13.4 You Decide: United States v. Drew,11/15/2026 11:59 PM,4,4,Assigned for Completion,N,Unlimited,https://vantage.sagepub.com/ltiapi/29144986
Knowledge Check 13.6,11/15/2026 11:59 PM,2,2,Assigned for Grade,N,Unlimited,https://vantage.sagepub.com/ltiapi/29144896
Reading Activity 13.5 You Decide: Sonnier v. State,11/15/2026 11:59 PM,4,4,Assigned for Completion,N,Unlimited,https://vantage.sagepub.com/ltiapi/29144987
Knowledge Check 13.7,11/15/2026 11:59 PM,2,2,Assigned for Grade,N,Unlimited,https://vantage.sagepub.com/ltiapi/29144897
Reading Activity 13.6 You Decide: United States v. McGovern,11/15/2026 11:59 PM,4,4,Assigned for Completion,N,Unlimited,https://vantage.sagepub.com/ltiapi/29144988
Knowledge Check 13.8,11/15/2026 11:59 PM,2,2,Assigned for Grade,N,Unlimited,https://vantage.sagepub.com/ltiapi/29144898
Knowledge Check 13.9,11/15/2026 11:59 PM,2,2,Assigned for Grade,N,Unlimited,https://vantage.sagepub.com/ltiapi/29144899
Knowledge Check 13.10,11/15/2026 11:59 PM,1,1,Assigned for Grade,N,Unlimited,https://vantage.sagepub.com/ltiapi/29144900
Knowledge Check 13.11,11/15/2026 11:59 PM,1,1,Assigned for Grade,N,Unlimited,https://vantage.sagepub.com/ltiapi/29144901
Chapter 13 Critical Thinking Check,11/15/2026 11:59 PM,11,11,Assigned for Completion,N,Unlimited,https://vantage.sagepub.com/ltiapi/29144980
Chapter 13 Quiz,11/15/2026 11:59 PM,15,15,Assigned for Grade,N,1,https://vantage.sagepub.com/ltiapi/29144884
Self-Assessment 14.1 Test Your Knowledge,11/22/2026 11:59 PM,10,5,Assigned for Completion,N,Unlimited,https://vantage.sagepub.com/ltiapi/29144977
Knowledge Check 14.1,11/22/2026 11:59 PM,2,2,Assigned for Grade,N,Unlimited,https://vantage.sagepub.com/ltiapi/29144902
Knowledge Check 14.2,11/22/2026 11:59 PM,2,2,Assigned for Grade,N,Unlimited,https://vantage.sagepub.com/ltiapi/29144903
Knowledge Check 14.3,11/22/2026 11:59 PM,4,4,Assigned for Grade,N,Unlimited,https://vantage.sagepub.com/ltiapi/29144904
Knowledge Check 14.4,11/22/2026 11:59 PM,2,2,Assigned for Grade,N,Unlimited,https://vantage.sagepub.com/ltiapi/29144905
Knowledge Check 14.5,11/22/2026 11:59 PM,2,2,Assigned for Grade,N,Unlimited,https://vantage.sagepub.com/ltiapi/29144906
Knowledge Check 14.6,11/22/2026 11:59 PM,2,2,Assigned for Grade,N,Unlimited,https://vantage.sagepub.com/ltiapi/29144907
Knowledge Check 14.7,11/22/2026 11:59 PM,2,2,Assigned for Grade,N,Unlimited,https://vantage.sagepub.com/ltiapi/29144908
Knowledge Check 14.8,11/22/2026 11:59 PM,2,2,Assigned for Grade,N,Unlimited,https://vantage.sagepub.com/ltiapi/29144909
Reading Activity 14.1 You Decide: Rajak K. Gupta,11/22/2026 11:59 PM,4,4,Assigned for Completion,N,Unlimited,https://vantage.sagepub.com/ltiapi/29144989
Knowledge Check 14.9,11/22/2026 11:59 PM,2,2,Assigned for Grade,N,Unlimited,https://vantage.sagepub.com/ltiapi/29144910
Chapter 14 Critical Thinking Check,11/22/2026 11:59 PM,9,9,Assigned for Completion,N,Unlimited,https://vantage.sagepub.com/ltiapi/29144981
Chapter 14 Quiz,11/22/2026 11:59 PM,15,15,Assigned for Grade,N,1,https://vantage.sagepub.com/ltiapi/29144885
Self-Assessment 15.1 Test Your Knowledge,11/22/2026 11:59 PM,7,5,Assigned for Completion,N,Unlimited,https://vantage.sagepub.com/ltiapi/29144978
Knowledge Check 15.1,11/22/2026 11:59 PM,2,2,Assigned for Grade,N,Unlimited,https://vantage.sagepub.com/ltiapi/29144911
Knowledge Check 15.2,11/22/2026 11:59 PM,2,2,Assigned for Grade,N,Unlimited,https://vantage.sagepub.com/ltiapi/29144912
Knowledge Check 15.3,11/22/2026 11:59 PM,6,6,Assigned for Grade,N,Unlimited,https://vantage.sagepub.com/ltiapi/29144913
Knowledge Check 15.4,11/22/2026 11:59 PM,6,6,Assigned for Grade,N,Unlimited,https://vantage.sagepub.com/ltiapi/29144914
Knowledge Check 15.5,11/22/2026 11:59 PM,2,2,Assigned for Grade,N,Unlimited,https://vantage.sagepub.com/ltiapi/29144915
Knowledge Check 15.6,11/22/2026 11:59 PM,2,2,Assigned for Grade,N,Unlimited,https://vantage.sagepub.com/ltiapi/29144916
Chapter 15 Critical Thinking Check,11/22/2026 11:59 PM,6,6,Assigned for Completion,N,Unlimited,https://vantage.sagepub.com/ltiapi/29144982
Chapter 15 Quiz,11/22/2026 11:59 PM,15,15,Assigned for Grade,N,1,https://vantage.sagepub.com/ltiapi/29144886
Self-Assessment 16.1 Test Your Knowledge,12/4/2026 11:59 PM,8,5,Assigned for Completion,N,Unlimited,https://vantage.sagepub.com/ltiapi/29144979
Knowledge Check 16.1,12/4/2026 11:59 PM,2,2,Assigned for Grade,N,Unlimited,https://vantage.sagepub.com/ltiapi/29144917
Knowledge Check 16.2,12/4/2026 11:59 PM,2,2,Assigned for Grade,N,Unlimited,https://vantage.sagepub.com/ltiapi/29144918
Knowledge Check 16.3,12/4/2026 11:59 PM,2,2,Assigned for Grade,N,Unlimited,https://vantage.sagepub.com/ltiapi/29144919
Knowledge Check 16.4,12/4/2026 11:59 PM,2,2,Assigned for Grade,N,Unlimited,https://vantage.sagepub.com/ltiapi/29144920
Knowledge Check 16.5,12/4/2026 11:59 PM,8,8,Assigned for Grade,N,Unlimited,https://vantage.sagepub.com/ltiapi/29144921
Knowledge Check 16.6,12/4/2026 11:59 PM,2,2,Assigned for Grade,N,Unlimited,https://vantage.sagepub.com/ltiapi/29144922
Knowledge Check 16.7,12/4/2026 11:59 PM,2,2,Assigned for Grade,N,Unlimited,https://vantage.sagepub.com/ltiapi/29144923
Chapter 16 Critical Thinking Check,12/4/2026 11:59 PM,7,7,Assigned for Completion,N,Unlimited,https://vantage.sagepub.com/ltiapi/29144983
Chapter 16 Quiz,12/4/2026 11:59 PM,15,15,Assigned for Grade,N,1,https://vantage.sagepub.com/ltiapi/29144887
